record_id,product_name,product_version,age,sex,coverage_type,refund_type,payment_years,sum_assured_krw,coverage_end_age,payment_frequency,monthly_premium_krw,source_id,source_pdf_page
ansim-001,무배당엔젤안심보험,2023-09,30,남자,생활비보장형(장해),표준형,7,10000000,110,monthly,666800,tongyang_angel_ansim_202309_hana,3
ansim-002,무배당엔젤안심보험,2023-09,30,남자,생활비보장형(장해),표준형,10,10000000,110,monthly,487100,tongyang_angel_ansim_202309_hana,3
ansim-003,무배당엔젤안심보험,2023-09,30,남자,생활비보장형(장해),표준형,15,10000000,110,monthly,348200,tongyang_angel_ansim_202309_hana,3
ansim-004,무배당엔젤안심보험,2023-09,40,남자,생활비보장형(장해),표준형,7,10000000,110,monthly,892100,tongyang_angel_ansim_202309_hana,3
ansim-005,무배당엔젤안심보험,2023-09,40,남자,생활비보장형(장해),표준형,10,10000000,110,monthly,651800,tongyang_angel_ansim_202309_hana,3
ansim-006,무배당엔젤안심보험,2023-09,40,남자,생활비보장형(장해),표준형,15,10000000,110,monthly,466100,tongyang_angel_ansim_202309_hana,3
ansim-007,무배당엔젤안심보험,2023-09,50,남자,생활비보장형(장해),표준형,7,10000000,110,monthly,1193800,tongyang_angel_ansim_202309_hana,3
ansim-008,무배당엔젤안심보험,2023-09,50,남자,생활비보장형(장해),표준형,10,10000000,110,monthly,872700,tongyang_angel_ansim_202309_hana,3
ansim-009,무배당엔젤안심보험,2023-09,50,남자,생활비보장형(장해),표준형,15,10000000,110,monthly,624700,tongyang_angel_ansim_202309_hana,3
ansim-010,무배당엔젤안심보험,2023-09,30,여자,생활비보장형(장해),표준형,7,10000000,110,monthly,586100,tongyang_angel_ansim_202309_hana,3
ansim-011,무배당엔젤안심보험,2023-09,30,여자,생활비보장형(장해),표준형,10,10000000,110,monthly,428100,tongyang_angel_ansim_202309_hana,3
ansim-012,무배당엔젤안심보험,2023-09,30,여자,생활비보장형(장해),표준형,15,10000000,110,monthly,306000,tongyang_angel_ansim_202309_hana,3
ansim-013,무배당엔젤안심보험,2023-09,40,여자,생활비보장형(장해),표준형,7,10000000,110,monthly,784900,tongyang_angel_ansim_202309_hana,3
ansim-014,무배당엔젤안심보험,2023-09,40,여자,생활비보장형(장해),표준형,10,10000000,110,monthly,573400,tongyang_angel_ansim_202309_hana,3
ansim-015,무배당엔젤안심보험,2023-09,40,여자,생활비보장형(장해),표준형,15,10000000,110,monthly,409900,tongyang_angel_ansim_202309_hana,3
ansim-016,무배당엔젤안심보험,2023-09,50,여자,생활비보장형(장해),표준형,7,10000000,110,monthly,1051500,tongyang_angel_ansim_202309_hana,3
ansim-017,무배당엔젤안심보험,2023-09,50,여자,생활비보장형(장해),표준형,10,10000000,110,monthly,768600,tongyang_angel_ansim_202309_hana,3
ansim-018,무배당엔젤안심보험,2023-09,50,여자,생활비보장형(장해),표준형,15,10000000,110,monthly,550100,tongyang_angel_ansim_202309_hana,3
ansim-019,무배당엔젤안심보험,2023-09,30,남자,생활비보장형(장해),해약환급금일부지급형,7,10000000,110,monthly,619600,tongyang_angel_ansim_202309_hana,3
ansim-020,무배당엔젤안심보험,2023-09,30,남자,생활비보장형(장해),해약환급금일부지급형,10,10000000,110,monthly,443300,tongyang_angel_ansim_202309_hana,3
ansim-021,무배당엔젤안심보험,2023-09,30,남자,생활비보장형(장해),해약환급금일부지급형,15,10000000,110,monthly,315000,tongyang_angel_ansim_202309_hana,3
ansim-022,무배당엔젤안심보험,2023-09,40,남자,생활비보장형(장해),해약환급금일부지급형,7,10000000,110,monthly,828700,tongyang_angel_ansim_202309_hana,3
ansim-023,무배당엔젤안심보험,2023-09,40,남자,생활비보장형(장해),해약환급금일부지급형,10,10000000,110,monthly,592900,tongyang_angel_ansim_202309_hana,3
ansim-024,무배당엔젤안심보험,2023-09,40,남자,생활비보장형(장해),해약환급금일부지급형,15,10000000,110,monthly,421300,tongyang_angel_ansim_202309_hana,3
ansim-025,무배당엔젤안심보험,2023-09,50,남자,생활비보장형(장해),해약환급금일부지급형,7,10000000,110,monthly,1108600,tongyang_angel_ansim_202309_hana,3
ansim-026,무배당엔젤안심보험,2023-09,50,남자,생활비보장형(장해),해약환급금일부지급형,10,10000000,110,monthly,793500,tongyang_angel_ansim_202309_hana,3
ansim-027,무배당엔젤안심보험,2023-09,50,남자,생활비보장형(장해),해약환급금일부지급형,15,10000000,110,monthly,564500,tongyang_angel_ansim_202309_hana,3
ansim-028,무배당엔젤안심보험,2023-09,30,여자,생활비보장형(장해),해약환급금일부지급형,7,10000000,110,monthly,544700,tongyang_angel_ansim_202309_hana,3
ansim-029,무배당엔젤안심보험,2023-09,30,여자,생활비보장형(장해),해약환급금일부지급형,10,10000000,110,monthly,389700,tongyang_angel_ansim_202309_hana,3
ansim-030,무배당엔젤안심보험,2023-09,30,여자,생활비보장형(장해),해약환급금일부지급형,15,10000000,110,monthly,276900,tongyang_angel_ansim_202309_hana,3
ansim-031,무배당엔젤안심보험,2023-09,40,여자,생활비보장형(장해),해약환급금일부지급형,7,10000000,110,monthly,729100,tongyang_angel_ansim_202309_hana,3
ansim-032,무배당엔젤안심보험,2023-09,40,여자,생활비보장형(장해),해약환급금일부지급형,10,10000000,110,monthly,521600,tongyang_angel_ansim_202309_hana,3
ansim-033,무배당엔젤안심보험,2023-09,40,여자,생활비보장형(장해),해약환급금일부지급형,15,10000000,110,monthly,370600,tongyang_angel_ansim_202309_hana,3
ansim-034,무배당엔젤안심보험,2023-09,50,여자,생활비보장형(장해),해약환급금일부지급형,7,10000000,110,monthly,976600,tongyang_angel_ansim_202309_hana,3
ansim-035,무배당엔젤안심보험,2023-09,50,여자,생활비보장형(장해),해약환급금일부지급형,10,10000000,110,monthly,698900,tongyang_angel_ansim_202309_hana,3
ansim-036,무배당엔젤안심보험,2023-09,50,여자,생활비보장형(장해),해약환급금일부지급형,15,10000000,110,monthly,497100,tongyang_angel_ansim_202309_hana,3
ansim-037,무배당엔젤안심보험,2023-09,30,남자,치매보장형,표준형,5,10000000,110,monthly,642300,tongyang_angel_ansim_202309_hana,3
ansim-038,무배당엔젤안심보험,2023-09,30,남자,치매보장형,표준형,7,10000000,110,monthly,472300,tongyang_angel_ansim_202309_hana,3
ansim-039,무배당엔젤안심보험,2023-09,30,남자,치매보장형,표준형,20,10000000,110,monthly,198000,tongyang_angel_ansim_202309_hana,3
ansim-040,무배당엔젤안심보험,2023-09,40,남자,치매보장형,표준형,5,10000000,110,monthly,861800,tongyang_angel_ansim_202309_hana,3
ansim-041,무배당엔젤안심보험,2023-09,40,남자,치매보장형,표준형,7,10000000,110,monthly,633600,tongyang_angel_ansim_202309_hana,3
ansim-042,무배당엔젤안심보험,2023-09,40,남자,치매보장형,표준형,20,10000000,110,monthly,265600,tongyang_angel_ansim_202309_hana,3
ansim-043,무배당엔젤안심보험,2023-09,50,남자,치매보장형,표준형,5,10000000,110,monthly,1156300,tongyang_angel_ansim_202309_hana,3
ansim-044,무배당엔젤안심보험,2023-09,50,남자,치매보장형,표준형,7,10000000,110,monthly,850100,tongyang_angel_ansim_202309_hana,3
ansim-045,무배당엔젤안심보험,2023-09,50,남자,치매보장형,표준형,20,10000000,110,monthly,356500,tongyang_angel_ansim_202309_hana,3
ansim-046,무배당엔젤안심보험,2023-09,30,여자,치매보장형,표준형,5,10000000,110,monthly,600400,tongyang_angel_ansim_202309_hana,3
ansim-047,무배당엔젤안심보험,2023-09,30,여자,치매보장형,표준형,7,10000000,110,monthly,441500,tongyang_angel_ansim_202309_hana,3
ansim-048,무배당엔젤안심보험,2023-09,30,여자,치매보장형,표준형,20,10000000,110,monthly,185200,tongyang_angel_ansim_202309_hana,3
ansim-049,무배당엔젤안심보험,2023-09,40,여자,치매보장형,표준형,5,10000000,110,monthly,805300,tongyang_angel_ansim_202309_hana,3
ansim-050,무배당엔젤안심보험,2023-09,40,여자,치매보장형,표준형,7,10000000,110,monthly,592000,tongyang_angel_ansim_202309_hana,3
ansim-051,무배당엔젤안심보험,2023-09,40,여자,치매보장형,표준형,20,10000000,110,monthly,248300,tongyang_angel_ansim_202309_hana,3
ansim-052,무배당엔젤안심보험,2023-09,50,여자,치매보장형,표준형,5,10000000,110,monthly,1079400,tongyang_angel_ansim_202309_hana,3
ansim-053,무배당엔젤안심보험,2023-09,50,여자,치매보장형,표준형,7,10000000,110,monthly,793600,tongyang_angel_ansim_202309_hana,3
ansim-054,무배당엔젤안심보험,2023-09,50,여자,치매보장형,표준형,20,10000000,110,monthly,333100,tongyang_angel_ansim_202309_hana,3
ansim-055,무배당엔젤안심보험,2023-09,30,남자,치매보장형,해약환급금일부지급형,5,10000000,110,monthly,581000,tongyang_angel_ansim_202309_hana,3
ansim-056,무배당엔젤안심보험,2023-09,30,남자,치매보장형,해약환급금일부지급형,7,10000000,110,monthly,438100,tongyang_angel_ansim_202309_hana,3
ansim-057,무배당엔젤안심보험,2023-09,30,남자,치매보장형,해약환급금일부지급형,20,10000000,110,monthly,179300,tongyang_angel_ansim_202309_hana,3
ansim-058,무배당엔젤안심보험,2023-09,40,남자,치매보장형,해약환급금일부지급형,5,10000000,110,monthly,779500,tongyang_angel_ansim_202309_hana,3
ansim-059,무배당엔젤안심보험,2023-09,40,남자,치매보장형,해약환급금일부지급형,7,10000000,110,monthly,587800,tongyang_angel_ansim_202309_hana,3
ansim-060,무배당엔젤안심보험,2023-09,40,남자,치매보장형,해약환급금일부지급형,20,10000000,110,monthly,240400,tongyang_angel_ansim_202309_hana,3
ansim-061,무배당엔젤안심보험,2023-09,50,남자,치매보장형,해약환급금일부지급형,5,10000000,110,monthly,1046000,tongyang_angel_ansim_202309_hana,3
ansim-062,무배당엔젤안심보험,2023-09,50,남자,치매보장형,해약환급금일부지급형,7,10000000,110,monthly,788600,tongyang_angel_ansim_202309_hana,3
ansim-063,무배당엔젤안심보험,2023-09,50,남자,치매보장형,해약환급금일부지급형,20,10000000,110,monthly,322700,tongyang_angel_ansim_202309_hana,3
ansim-064,무배당엔젤안심보험,2023-09,30,여자,치매보장형,해약환급금일부지급형,5,10000000,110,monthly,543100,tongyang_angel_ansim_202309_hana,3
ansim-065,무배당엔젤안심보험,2023-09,30,여자,치매보장형,해약환급금일부지급형,7,10000000,110,monthly,409600,tongyang_angel_ansim_202309_hana,3
ansim-066,무배당엔젤안심보험,2023-09,30,여자,치매보장형,해약환급금일부지급형,20,10000000,110,monthly,167600,tongyang_angel_ansim_202309_hana,3
ansim-067,무배당엔젤안심보험,2023-09,40,여자,치매보장형,해약환급금일부지급형,5,10000000,110,monthly,728400,tongyang_angel_ansim_202309_hana,3
ansim-068,무배당엔젤안심보험,2023-09,40,여자,치매보장형,해약환급금일부지급형,7,10000000,110,monthly,549200,tongyang_angel_ansim_202309_hana,3
ansim-069,무배당엔젤안심보험,2023-09,40,여자,치매보장형,해약환급금일부지급형,20,10000000,110,monthly,224700,tongyang_angel_ansim_202309_hana,3
ansim-070,무배당엔젤안심보험,2023-09,50,여자,치매보장형,해약환급금일부지급형,5,10000000,110,monthly,976500,tongyang_angel_ansim_202309_hana,3
ansim-071,무배당엔젤안심보험,2023-09,50,여자,치매보장형,해약환급금일부지급형,7,10000000,110,monthly,736300,tongyang_angel_ansim_202309_hana,3
ansim-072,무배당엔젤안심보험,2023-09,50,여자,치매보장형,해약환급금일부지급형,20,10000000,110,monthly,301700,tongyang_angel_ansim_202309_hana,3
